"In Ontario, there is a seat belt law",A. Yes,true
"In Ontario, there is a seat belt law",B. No,false
"In Ontario, there is a seat belt law",C. Only when driving on an open highway,false
"In Ontario, there is a seat belt law",D. Only when driving within a municipality,false
"If someone is tailgating you, what should you do?",A. Move into another lane when it is safe to do so,false
"If someone is tailgating you, what should you do?",B. Slow down slightly to increase the space in front of your car,false
"If someone is tailgating you, what should you do?",C. Pull over to let the tailgater pass,false
"If someone is tailgating you, what should you do?",D. All of the above,true
Failing to stop for a school bus that is unloading passengers will,A. Result in a one year jail sentence,false
Failing to stop for a school bus that is unloading passengers will,B. Cost you 6 demerit points and a fine of up to $1000,true
Failing to stop for a school bus that is unloading passengers will,C. Get you a warning and a fine of $100,false
Failing to stop for a school bus that is unloading passengers will,D. Result in retaking your road test,false
"When a car is stopped to allow a pedestrian to cross the street at a marked crosswalk, you should",A. Pass the stopped car on the left,false
"When a car is stopped to allow a pedestrian to cross the street at a marked crosswalk, you should",B. Sound horn for the driver of the stopped car to drive on,false
"When a car is stopped to allow a pedestrian to cross the street at a marked crosswalk, you should",C. Pass the stopped car to the right,false
"When a car is stopped to allow a pedestrian to cross the street at a marked crosswalk, you should",D. Not pass any car stopped to allow a pedestrian to cross,true
"When driving in heavy fog, you should use","A. Parking lights",false
"When driving in heavy fog, you should use","B. Low beam headlights",true
"When driving in heavy fog, you should use","C. Parking lights and high beam headlights",false
"When driving in heavy fog, you should use","D. High beam headlights",false
"Never change lanes in traffic without","A. Giving proper signal and looking to make sure the move can be made safely",true
"Never change lanes in traffic without","B. Decreasing speed and giving the correct signal",false
"Never change lanes in traffic without","C. Looking into the rear view mirror only",false
"Never change lanes in traffic without","D. Blowing your horn and looking to the rear",false
"What documents may a police officer require a motor vehicle owner to produce?","A. If the motor vehicle is insured—a liability insurance card",false
"What documents may a police officer require a motor vehicle owner to produce?","B. The motor vehicle ownership",false
"What documents may a police officer require a motor vehicle owner to produce?","C. If he is operating a motor vehicle—a valid driver’s licence",false
"What documents may a police officer require a motor vehicle owner to produce?","D. Any of the above",true
"Every accident must be reported to the police where there is personal injury or when the damage exceeds","A. $100",false
"Every accident must be reported to the police where there is personal injury or when the damage exceeds","B. $150",false
"Every accident must be reported to the police where there is personal injury or when the damage exceeds","C. $1500",false
"Every accident must be reported to the police where there is personal injury or when the damage exceeds","D. $1000",true
"If you are a teenage driver with your G2 licence for 6 months and until you obtain your full G licence or turn 20, how many passengers are you allowed to carry between midnight and 5 a.m.?","A. 3 passengers aged 19 or under (no restrictions for passengers the age of 20 and over)",true
"If you are a teenage driver with your G2 licence for 6 months and until you obtain your full G licence or turn 20, how many passengers are you allowed to carry between midnight and 5 a.m.?","B. No passengers aged 19 or under",false
"If you are a teenage driver with your G2 licence for 6 months and until you obtain your full G licence or turn 20, how many passengers are you allowed to carry between midnight and 5 a.m.?","C. 1 passenger aged 19 or under",false
"If you are a teenage driver with your G2 licence for 6 months and until you obtain your full G licence or turn 20, how many passengers are you allowed to carry between midnight and 5 a.m.?","D. 2 passengers aged 19 or under",false
"A 'No Parking' sign at a certain location means","A. You may stop here if the driver remains in the vehicle",false
"A 'No Parking' sign at a certain location means","B. You may park your vehicle for less than five minutes",false
"A 'No Parking' sign at a certain location means","C. You may stop temporarily to load or unload passengers",false
"A 'No Parking' sign at a certain location means","D. You may not park your vehicle here",true
"In what position on the roadway must you be before making a left turn from a one-way traffic street?","A. Close to the right-hand side of the roadway",false
"In what position on the roadway must you be before making a left turn from a one-way traffic street?","B. Close to the centre line of the roadway",false
"In what position on the roadway must you be before making a left turn from a one-way traffic street?","C. Close to the left side of the roadway",true
"In what position on the roadway must you be before making a left turn from a one-way traffic street?","D. Does not matter",false
"When lights are required, drivers are required to use low beam headlights?","A. Within 1 km (0.6 mile) of the approach of another vehicle",false
"When lights are required, drivers are required to use low beam headlights?","B. Within 150 m (500 ft.) of the approach of another vehicle",true
"When lights are required, drivers are required to use low beam headlights?","C. Within 300 m (1000 ft.) of the approach of another vehicle",false
"When lights are required, drivers are required to use low beam headlights?","D. This is a safety practice, not a law",false
"As a level two (G2) driver your alcohol level must not be over","A. 0.08%",false
"As a level two (G2) driver your alcohol level must not be over","B. 0.05%",false
"As a level two (G2) driver your alcohol level must not be over","C. 0.02%",false
"As a level two (G2) driver your alcohol level must not be over","D. 0.00%",true
"Overdriving your headlights at night is dangerous because","A. You are driving too fast",false
"Overdriving your headlights at night is dangerous because","B. Your headlights are too bright",false
"Overdriving your headlights at night is dangerous because","C. You cannot stop within the distance that you can see",true
"Overdriving your headlights at night is dangerous because","D. It is not good for the car battery",false
"If you want to pass a motorcycle, you should","A. Honk your horn before you pass",false
"If you want to pass a motorcycle, you should","B. Turn on your high-beam lights before you pass",false
"If you want to pass a motorcycle, you should","C. Pass just as you would with another car",true
"If you want to pass a motorcycle, you should","D. Use half of their lane to pass",false
"If you are a teenage driver aged 19 or under and in the first six months of receiving your G2 licence, how many passengers are you allowed to carry between midnight and 5 a.m.?","A. 3 passengers aged 19 or under",false
"If you are a teenage driver aged 19 or under and in the first six months of receiving your G2 licence, how many passengers are you allowed to carry between midnight and 5 a.m.?","B. No passengers aged 19 or under",false
"If you are a teenage driver aged 19 or under and in the first six months of receiving your G2 licence, how many passengers are you allowed to carry between midnight and 5 a.m.?","C. 1 passenger aged 19 or under (no restrictions for passengers the age of 20 and over)",true
"If you are a teenage driver aged 19 or under and in the first six months of receiving your G2 licence, how many passengers are you allowed to carry between midnight and 5 a.m.?","D. 2 passengers aged 19 or under",false
"Unless otherwise posted, the maximum speed limit allowed in cities, town, villages and built-up area is","A. 30 km/h (20 m.p.h.)",false
"Unless otherwise posted, the maximum speed limit allowed in cities, town, villages and built-up area is","B. 50 km/h (30 m.p.h.)",true
"Unless otherwise posted, the maximum speed limit allowed in cities, town, villages and built-up area is","C. 40 km/h (25 m.p.h.)",false
"Unless otherwise posted, the maximum speed limit allowed in cities, town, villages and built-up area is","D. 60 km/h (35 m.p.h.)",false
"At an intersection where there is a flashing amber (yellow) traffic light, you must","A. Stop if making a right turn",false
"At an intersection where there is a flashing amber (yellow) traffic light, you must","B. Continue at the same speed",false
"At an intersection where there is a flashing amber (yellow) traffic light, you must","C. Stop if making a left turn",false
"At an intersection where there is a flashing amber (yellow) traffic light, you must","D. Slow down and proceed with caution",true
"Under what circumstances may a driver’s licence be cancelled?","A. For failure to attend a re-examination",false
"Under what circumstances may a driver’s licence be cancelled?","B. For possession of an altered driver’s licence",false
"Under what circumstances may a driver’s licence be cancelled?","C. For failure to satisfactorily complete a driver re-examination",false
"Under what circumstances may a driver’s licence be cancelled?","D. Any or all of the above",true
"As a level one (G1) driver, you must be accompanied by a class G or higher licensed driver, who has the following driving experience more than","A. Three years",false
"As a level one (G1) driver, you must be accompanied by a class G or higher licensed driver, who has the following driving experience more than","B. Four years",true
"As a level one (G1) driver, you must be accompanied by a class G or higher licensed driver, who has the following driving experience more than","C. Eight years",false
"As a level one (G1) driver, you must be accompanied by a class G or higher licensed driver, who has the following driving experience more than","D. Six years",false
"To what penalties is a driver liable who is convicted of driving while disqualified?","A. A fine of $500 or imprisonment for six months or both",false
"To what penalties is a driver liable who is convicted of driving while disqualified?","B. Impoundment of the motor vehicle being operated for three months",false
"To what penalties is a driver liable who is convicted of driving while disqualified?","C. An additional 6-month period of suspension of driving privilege",false
"To what penalties is a driver liable who is convicted of driving while disqualified?","D. Any or all of the above",true
"When the traffic signal-light facing you is red and you intend to go straight through the intersection, what must you do?","A. Stop, give pedestrians the right-of-way, then proceed with caution",false
"When the traffic signal-light facing you is red and you intend to go straight through the intersection, what must you do?","B. Stop, proceed when the way is clear",false
"When the traffic signal-light facing you is red and you intend to go straight through the intersection, what must you do?","C. Slow down, proceed when the way is clear",false
"When the traffic signal-light facing you is red and you intend to go straight through the intersection, what must you do?","D. Stop, proceed only when the signal turns green and when the way is clear",true
"If you are involved in a reportable accident how soon must you make a report to your nearest provincial or municipal police officer?","A. At once",true
"If you are involved in a reportable accident how soon must you make a report to your nearest provincial or municipal police officer?","B. Within 24 hours",false
"If you are involved in a reportable accident how soon must you make a report to your nearest provincial or municipal police officer?","C. Within 48 hours",false
"If you are involved in a reportable accident how soon must you make a report to your nearest provincial or municipal police officer?","D. Within 72 hours",false
"If a traffic signal changes while a pedestrian is still in the street, which of the following has the right-of-way?","A. Motorists making turns",false
"If a traffic signal changes while a pedestrian is still in the street, which of the following has the right-of-way?","B. The pedestrian",true
"If a traffic signal changes while a pedestrian is still in the street, which of the following has the right-of-way?","C. Motorists coming from his right",false
"If a traffic signal changes while a pedestrian is still in the street, which of the following has the right-of-way?","D. Motorists coming from his left",false
"When lights are required, drivers must use lower beam headlights when following another vehicle","A. Within 30 m (100 ft.)",false
"When lights are required, drivers must use lower beam headlights when following another vehicle","B. Within 60 m (200 ft.)",true
"When lights are required, drivers must use lower beam headlights when following another vehicle","C. Within 120 m (400 ft.)",false
"When lights are required, drivers must use lower beam headlights when following another vehicle","D. This only applies when approaching another vehicle",false
"While travelling on a highway, the driver of a motor vehicle is not permitted to carry, in a house or boat trailer","A. Firearms",false
"While travelling on a highway, the driver of a motor vehicle is not permitted to carry, in a house or boat trailer","B. Flammable material",false
"While travelling on a highway, the driver of a motor vehicle is not permitted to carry, in a house or boat trailer","C. Persons (Passenger)",true
"While travelling on a highway, the driver of a motor vehicle is not permitted to carry, in a house or boat trailer","D. Pets",false
"When on streets designed for two-way traffic, you hear the siren of an emergency vehicle, what does the law require you to do?","A. Speed up and get out of the way",false
"When on streets designed for two-way traffic, you hear the siren of an emergency vehicle, what does the law require you to do?","B. Signal the driver to pass",false
"When on streets designed for two-way traffic, you hear the siren of an emergency vehicle, what does the law require you to do?","C. Pull to the right as far as possible and stop",true
"When on streets designed for two-way traffic, you hear the siren of an emergency vehicle, what does the law require you to do?","D. Continue at the same speed",false
"Which of the following has the right-of-way over all others at an intersection when the signal light is green?","A. Pedestrians crossing against the light",false
"Which of the following has the right-of-way over all others at an intersection when the signal light is green?","B. Pedestrians crossing with the light",true
"Which of the following has the right-of-way over all others at an intersection when the signal light is green?","C. Vehicles turning right",false
"Which of the following has the right-of-way over all others at an intersection when the signal light is green?","D. Vehicles turning left",false
"What insurance protection does the owner get who pays the uninsured motor vehicle fee?","A. $10,000 insurance coverage",false
"What insurance protection does the owner get who pays the uninsured motor vehicle fee?","B. $20,000 insurance coverage",false
"What insurance protection does the owner get who pays the uninsured motor vehicle fee?","C. $35,000 insurance coverage",false
"What insurance protection does the owner get who pays the uninsured motor vehicle fee?","D. No insurance protection whatever",true
"When approaching a railway crossing at which an electrical or mechanical signal device is warning of the approach of a train you must","A. Stop not less than 1.5 m (5 ft.) from the nearest rail",false
"When approaching a railway crossing at which an electrical or mechanical signal device is warning of the approach of a train you must","B. Increase speed and cross tracks as quickly as possible",false
"When approaching a railway crossing at which an electrical or mechanical signal device is warning of the approach of a train you must","C. Stop not less than 5 m (15 ft.) from the nearest rail",true
"When approaching a railway crossing at which an electrical or mechanical signal device is warning of the approach of a train you must","D. Slow down and proceed with caution",false
"Upon approaching a Yield-sign, what does the law require you to do?","A. Slow down, stop if necessary, and yield right-of-way",true
"Upon approaching a Yield-sign, what does the law require you to do?","B. Stop, then enter traffic slowly",false
"Upon approaching a Yield-sign, what does the law require you to do?","C. Stop, then enter traffic quickly",false
"Upon approaching a Yield-sign, what does the law require you to do?","D. Speed up and force your way into traffic",false
"When does the law require lights on vehicles to be turned on?","A. Between sunset and sunrise",false
"When does the law require lights on vehicles to be turned on?","B. Between dusk and dawn and at any other time you cannot see clearly for a distance of 150 m (500 ft.)",false
"When does the law require lights on vehicles to be turned on?","C. Between half an hour before sunset to half an hour after sunrise and at any other time you cannot see clearly for a distance of 150 m (500 ft.)",true
"When does the law require lights on vehicles to be turned on?","D. No specified time",false
"A person whose driver’s licence is under suspension, may","A. Operate a motor vehicle in a case of extreme emergency",false
"A person whose driver’s licence is under suspension, may","B. Operate a motor vehicle to and from work",false
"A person whose driver’s licence is under suspension, may","C. Operate a motor vehicle when accompanied by a licensed driver",false
"A person whose driver’s licence is under suspension, may","D. Not operate a motor vehicle under any conditions",true
"If the signal light changes from green to amber as you approach an intersection, what should you do?","A. Stop. If a stop cannot be made safely proceed with caution",true
"If the signal light changes from green to amber as you approach an intersection, what should you do?","B. Speed up to clear the intersection as quickly as possible",false
"If the signal light changes from green to amber as you approach an intersection, what should you do?","C. Continue through the intersection without slowing or stopping",false
"If the signal light changes from green to amber as you approach an intersection, what should you do?","D. Sound horn to warn pedestrians and other drivers that you do not intend to stop",false
"When a streetcar is stopped to take on or discharge passengers, where there is no safety zone, what does the law require you to do before passing the streetcar?","A. Stop behind the rear of the streetcar and then proceed",false
"When a streetcar is stopped to take on or discharge passengers, where there is no safety zone, what does the law require you to do before passing the streetcar?","B. Sound horn and pass with caution",false
"When a streetcar is stopped to take on or discharge passengers, where there is no safety zone, what does the law require you to do before passing the streetcar?","C. Pass on the left side when the way is clear",false
"When a streetcar is stopped to take on or discharge passengers, where there is no safety zone, what does the law require you to do before passing the streetcar?","D. Stop 2 m (6 ft.) behind the rearmost door where passengers are getting on or off, and proceed only when it is safe to do so",true
"On a roadway where traffic is moving in both directions, in what position must you be before making a left turn?","A. Close to the right-hand side of the roadway",false
"On a roadway where traffic is moving in both directions, in what position must you be before making a left turn?","B. Close to the left side of the roadway",false
"On a roadway where traffic is moving in both directions, in what position must you be before making a left turn?","C. Immediately to the right of the centre line of the roadway",true
"On a roadway where traffic is moving in both directions, in what position must you be before making a left turn?","D. Does not matter",false
"Which of the following penalties can the court impose on a person convicted of driving 50 km/h (30 m.p.h.) or more over the speed limit?","A. Suspension of licence for 6 months",false
"Which of the following penalties can the court impose on a person convicted of driving 50 km/h (30 m.p.h.) or more over the speed limit?","B. Suspension of licence for 30 days",true
"Which of the following penalties can the court impose on a person convicted of driving 50 km/h (30 m.p.h.) or more over the speed limit?","C. Impoundment of motor vehicle for 6 months",false
"Which of the following penalties can the court impose on a person convicted of driving 50 km/h (30 m.p.h.) or more over the speed limit?","D. Imprisonment of person for 6 months",false
"Before moving your car from a parked position, you should","A. Check other traffic, signal and pull from the curb quickly",false
"Before moving your car from a parked position, you should","B. Honk your horn and pull from the curb slowly",false
"Before moving your car from a parked position, you should","C. Check other traffic, signal and pull from the curb when it is safe to do so",true
"Before moving your car from a parked position, you should","D. Signal and pull from the curb",false
"Should your right wheels drop off the roadway, what is the best way to get back on the roadway?","A. Steer hard to the left",false
"Should your right wheels drop off the roadway, what is the best way to get back on the roadway?","B. Apply brakes and steer hard to the left",false
"Should your right wheels drop off the roadway, what is the best way to get back on the roadway?","C. Take foot off gas pedal, turn back when vehicle has slowed",true
"Should your right wheels drop off the roadway, what is the best way to get back on the roadway?","D. Apply brakes to reduce speed",false
"When 15 or more Demerit Points have accumulated on a record, the driver’s licence is suspended","A. Automatically, and for 30 days from receipt of licence",true
"When 15 or more Demerit Points have accumulated on a record, the driver’s licence is suspended","B. At the discretion of the Ministry",false
"When 15 or more Demerit Points have accumulated on a record, the driver’s licence is suspended","C. Only if the licence is NOT used for business purposes",false
"When 15 or more Demerit Points have accumulated on a record, the driver’s licence is suspended","D. For 3 months",false
"Upon approaching a stop sign, a driver must","A. Slow down, sound horn and then proceed",false
"Upon approaching a stop sign, a driver must","B. Slow down, and if the way is clear, proceed",false
"Upon approaching a stop sign, a driver must","C. Stop, sound horn, then proceed",false
"Upon approaching a stop sign, a driver must","D. Stop, and when it is safe to do so, proceed",true
"You should under all condition drive at a speed which will allow you to","A. Stop within 90 metres (300 feet)",false
"You should under all condition drive at a speed which will allow you to","B. Stop within 60 metres (200 feet)",false
"You should under all condition drive at a speed which will allow you to","C. Stop within a safe distance",true
"You should under all condition drive at a speed which will allow you to","D. Stop within 150 metres (500 feet)",false
"The Ministry of Transportation and Communications may suspend a licence after a 9 Demerit Point interview","A. If a driver fails to give satisfactory reasons why their licence should not be suspended",true
"The Ministry of Transportation and Communications may suspend a licence after a 9 Demerit Point interview","B. If a driver does not have at least 5 years driving experience",false
"The Ministry of Transportation and Communications may suspend a licence after a 9 Demerit Point interview","C. If the licence is not needed for business reasons",false
"The Ministry of Transportation and Communications may suspend a licence after a 9 Demerit Point interview","D. The Ministry is not permitted to suspend a licence before the 15-point level is reached",false
"A 'School Bus', with red signal lights flashing, is stopped on a highway that has no median strip. What does the law require you to do when meeting or overtaking the bus?","A. Does not matter provided you sound horn",false
"A 'School Bus', with red signal lights flashing, is stopped on a highway that has no median strip. What does the law require you to do when meeting or overtaking the bus?","B. Stop until the bus proceeds or the signal lights are no longer flashing",true
"A 'School Bus', with red signal lights flashing, is stopped on a highway that has no median strip. What does the law require you to do when meeting or overtaking the bus?","C. Wait for approaching vehicles to pass",false
"A 'School Bus', with red signal lights flashing, is stopped on a highway that has no median strip. What does the law require you to do when meeting or overtaking the bus?","D. Reduce speed and pass with care",false
"When the driver of another vehicle is about to overtake and pass your vehicle you must","A. Move to the right and allow such vehicle to pass",true
"When the driver of another vehicle is about to overtake and pass your vehicle you must","B. Speed up so that passing is not necessary",false
"When the driver of another vehicle is about to overtake and pass your vehicle you must","C. Signal the other driver not to pass",false
"When the driver of another vehicle is about to overtake and pass your vehicle you must","D. Move to the left to prevent passing",false
"When descending a steep hill a good safe-driving practice is to","A. Gear down and allow the engine to assist in braking",true
"When descending a steep hill a good safe-driving practice is to","B. Turn off the ignition",false
"When descending a steep hill a good safe-driving practice is to","C. Place the gear shift in neutral",false
"When descending a steep hill a good safe-driving practice is to","D. Disengage the clutch and coast",false
"A driver may be required to attend an interview and re-examination of his driving ability","A. When 9 demerit points have been accumulated",true
"A driver may be required to attend an interview and re-examination of his driving ability","B. When 3 demerit points have been accumulated",false
"A driver may be required to attend an interview and re-examination of his driving ability","C. When 6 demerit points have been accumulated",false
"A driver may be required to attend an interview and re-examination of his driving ability","D. When 15 demerit points have been accumulated",false
"When may you lend your driver’s licence?","A. Never",true
"When may you lend your driver’s licence?","B. To another person who is learning to drive",false
"When may you lend your driver’s licence?","C. For identification purposes only",false
"When may you lend your driver’s licence?","D. In emergencies",false
"When a red signal light with a green arrow is shown at an intersection it means","A. Stop and wait for the green light before making a turn in the direction of the arrow",false
"When a red signal light with a green arrow is shown at an intersection it means","B. Proceed with caution in the direction of the arrow, yielding right-of-way to pedestrians and other traffic",true
"When a red signal light with a green arrow is shown at an intersection it means","C. Stop and then proceed",false
"When a red signal light with a green arrow is shown at an intersection it means","D. The green arrow is a signal for pedestrians only",false
"Are drivers responsible for their passengers buckling up?","A. Only if passengers are over sixteen years of age",false
"Are drivers responsible for their passengers buckling up?","B. Only if passengers are from five years of age up to sixteen",true
"Are drivers responsible for their passengers buckling up?","C. Only if the passengers are in the front seat",false
"Are drivers responsible for their passengers buckling up?","D. Only if passengers are over eighteen years of age",false
"When it is safe to do so, passing other vehicles on the right side","A. Is permitted on any street or highway",false
"When it is safe to do so, passing other vehicles on the right side","B. Is permitted providing it is possible to do so by driving on the shoulder of the road",false
"When it is safe to do so, passing other vehicles on the right side","C. Is not permitted under any circumstances",false
"When it is safe to do so, passing other vehicles on the right side","D. Is permitted when the street or highway has two or more lanes for traffic in the direction you are travelling",true
"When a right turn against a red signal light is permitted, what does the law require you to do before entering the intersection and making the turn?","A. Slow down, proceed with caution",false
"When a right turn against a red signal light is permitted, what does the law require you to do before entering the intersection and making the turn?","B. Stop, then edge into traffic",false
"When a right turn against a red signal light is permitted, what does the law require you to do before entering the intersection and making the turn?","C. Stop, signal, make the turn so as not to interfere with other traffic, including pedestrians",true
"When a right turn against a red signal light is permitted, what does the law require you to do before entering the intersection and making the turn?","D. Slow down, signal and turn",false
"A flashing green light at an intersection, where turns to the left and right are permitted, means","A. You may turn to the left if the way is clear",false
"A flashing green light at an intersection, where turns to the left and right are permitted, means","B. You may turn to the right if the way is clear",false
"A flashing green light at an intersection, where turns to the left and right are permitted, means","C. You may proceed straight through if the way is clear",false
"A flashing green light at an intersection, where turns to the left and right are permitted, means","D. You may do any of the above",true
"Under which of the following conditions is it dangerous and unlawful to make a 'U' turn?","A. Upon a curve or on a hill where there is a clear view of less than 150 m (500 ft.) in either direction",false
"Under which of the following conditions is it dangerous and unlawful to make a 'U' turn?","B. On a railway crossing or within 30 m (100 ft.) of a railway crossing",false
"Under which of the following conditions is it dangerous and unlawful to make a 'U' turn?","C. Within 150 m (500 ft.) of a bridge, viaduct or tunnel if driver’s view is obstructed",false
"Under which of the following conditions is it dangerous and unlawful to make a 'U' turn?","D. Under all of the above conditions",true
"If you are involved in an accident in which someone is injured you must","A. Report the accident at once to the nearest provincial or municipal police officer",true
"If you are involved in an accident in which someone is injured you must","B. Report the accident within 48 hours to the nearest provincial or municipal police officer",false
"If you are involved in an accident in which someone is injured you must","C. Report the accident to your insurance company only",false
"If you are involved in an accident in which someone is injured you must","D. Report the accident to the Ministry of Transportation and Communications only",false
"How soon after a licensed driver changes his/her name or address is he/she required to notify the Ministry of Transportation and Communications?","A. Within 6 days",true
"How soon after a licensed driver changes his/her name or address is he/she required to notify the Ministry of Transportation and Communications?","B. Within 15 days",false
"How soon after a licensed driver changes his/her name or address is he/she required to notify the Ministry of Transportation and Communications?","C. Within 30 days",false
"How soon after a licensed driver changes his/her name or address is he/she required to notify the Ministry of Transportation and Communications?","D. At any time prior to renewal of licence",false
"A flashing red signal light at an intersection means","A. Slow down and drive with increased caution",false
"A flashing red signal light at an intersection means","B. Slow down and if necessary yield right-of-way to cars approaching from the left or right",false
"A flashing red signal light at an intersection means","C. Signal light is out of order, proceed with caution",false
"A flashing red signal light at an intersection means","D. Stop. Proceed only when it is safe to do so",true
"When entering a freeway you should","A. Stop on acceleration lane, wait for an opening, then enter the freeway rapidly",false
"When entering a freeway you should","B. Accelerate quickly to freeway speed and merge with freeway traffic",true
"When entering a freeway you should","C. Slow down, and then enter freeway at a sharp angle",false
"When entering a freeway you should","D. Drive slowly and be prepared to stop for freeway traffic",false
"A flashing blue light mounted on a motor vehicle indicates","A. A motor vehicle carrying explosives",false
"A flashing blue light mounted on a motor vehicle indicates","B. Snow removal equipment",true
"A flashing blue light mounted on a motor vehicle indicates","C. An ambulance",false
"A flashing blue light mounted on a motor vehicle indicates","D. A police emergency vehicle",false
"When a truck becomes disabled on the highway, where the speed limit is in excess of 60 km/h flares or reflectors must be placed approximately what distance ahead of and to the rear of the disabled vehicle?","A. 15 m (50 ft.)",false
"When a truck becomes disabled on the highway, where the speed limit is in excess of 60 km/h flares or reflectors must be placed approximately what distance ahead of and to the rear of the disabled vehicle?","B. 30 m (100 ft.)",true
"When a truck becomes disabled on the highway, where the speed limit is in excess of 60 km/h flares or reflectors must be placed approximately what distance ahead of and to the rear of the disabled vehicle?","C. 60 m (200 ft.)",false
"When a truck becomes disabled on the highway, where the speed limit is in excess of 60 km/h flares or reflectors must be placed approximately what distance ahead of and to the rear of the disabled vehicle?","D. 90 m (300 ft.)",false
"When selling a motor vehicle to another person, you, the seller, should","A. Notify the Ministry of the change of ownership within six days of date of sale",false
"When selling a motor vehicle to another person, you, the seller, should","B. Go with the buyer to a vehicle licence issuing office to carry out the change of ownership",false
"When selling a motor vehicle to another person, you, the seller, should","C. If selling the vehicle without a Safety Standards Certificate, you must return the vehicle licence plates and motor vehicle permit to a vehicle licence issuing office and obtain an Unfit Vehicle Permit in the buyer’s name",false
"When selling a motor vehicle to another person, you, the seller, should","D. All of the above",true
"At 15 Demerit points, your licence is suspended, after 30 days, the number of points on the driver’s record is","A. Reduce to 7 points",true
"At 15 Demerit points, your licence is suspended, after 30 days, the number of points on the driver’s record is","B. Reduce to 0 points",false
"At 15 Demerit points, your licence is suspended, after 30 days, the number of points on the driver’s record is","C. Reduce to 5 points",false
"At 15 Demerit points, your licence is suspended, after 30 days, the number of points on the driver’s record is","D. None of the above",false
"When approaching an intersection where a traffic signal light is red and a policeman motions you to go through, you should","A. Wait for the light to turn green",false
"When approaching an intersection where a traffic signal light is red and a policeman motions you to go through, you should","B. Obey the policeman’s signal and go through at once",true
"When approaching an intersection where a traffic signal light is red and a policeman motions you to go through, you should","C. Call the policeman’s attention to the red light",false
"When approaching an intersection where a traffic signal light is red and a policeman motions you to go through, you should","D. Stop to make sure he wants you to go through",false
"Except when passing, what distance must be maintained between commercial vehicles travelling in the same direction on the highway outside a city, town or village?","A. 30 m (100 ft.)",false
"Except when passing, what distance must be maintained between commercial vehicles travelling in the same direction on the highway outside a city, town or village?","B. 60 m (200 ft.)",false
"Except when passing, what distance must be maintained between commercial vehicles travelling in the same direction on the highway outside a city, town or village?","C. 120 m (400 ft.)",true
"Except when passing, what distance must be maintained between commercial vehicles travelling in the same direction on the highway outside a city, town or village?","D. 150 m (500 ft.)",false
"At what level of alcohol in the blood can you be convicted of being an impaired driver?","A. 0.03%",false
"At what level of alcohol in the blood can you be convicted of being an impaired driver?","B. 0.05%",false
"At what level of alcohol in the blood can you be convicted of being an impaired driver?","C. 0.08%",true
"At what level of alcohol in the blood can you be convicted of being an impaired driver?","D. 1.0%",false
"If you are convicted of drinking and driving, you will lose your driver’s licence on the first offence for","A. 1 month",false
"If you are convicted of drinking and driving, you will lose your driver’s licence on the first offence for","B. 3 months",false
"If you are convicted of drinking and driving, you will lose your driver’s licence on the first offence for","C. 6 months",false
"If you are convicted of drinking and driving, you will lose your driver’s licence on the first offence for","D. 1 year",true
"Unless otherwise posted, the maximum speed limit on the highway outside of a city, town, village or built-up area is","A. 100 kilometres (60 miles) an hour",false
"Unless otherwise posted, the maximum speed limit on the highway outside of a city, town, village or built-up area is","B. 80 kilometres (50 miles) an hour",true
"Unless otherwise posted, the maximum speed limit on the highway outside of a city, town, village or built-up area is","C. 60 kilometres (40 miles) an hour",false
"Unless otherwise posted, the maximum speed limit on the highway outside of a city, town, village or built-up area is","D. 50 kilometres (30 miles) an hour",false
"If you are driving and suddenly one of your tires blows out, you should","A. Concentrate on steering",false
"If you are driving and suddenly one of your tires blows out, you should","B. Take your foot off the gas pedal to slow down",false
"If you are driving and suddenly one of your tires blows out, you should","C. Bring the vehicle to a stop off the road",false
"If you are driving and suddenly one of your tires blows out, you should","D. All of the above",true
"When a streetcar is stopped to pick up or discharge passengers and there is a safety island, what does the law require you to do?","A. Pass with caution",true
"When a streetcar is stopped to pick up or discharge passengers and there is a safety island, what does the law require you to do?","B. Stop at least 2 metres behind the safety island",false
"When a streetcar is stopped to pick up or discharge passengers and there is a safety island, what does the law require you to do?","C. Sound horn and pass with caution",false
"When a streetcar is stopped to pick up or discharge passengers and there is a safety island, what does the law require you to do?","D. Pass on the left side of the streetcar",false
"When getting out of your car on a busy street you should open your door","A. After making the proper signals",false
"When getting out of your car on a busy street you should open your door","B. When you turn on your four-way flashers",false
"When getting out of your car on a busy street you should open your door","C. When you are sure that it can be done safely",true
"When getting out of your car on a busy street you should open your door","D. It does not matter",false
"When exiting an expressway you should","A. Give yourself plenty of time to move over to the lane closest to the exit",false
"When exiting an expressway you should","B. Slow down smoothly to the posted speed limit or to the prevailing speed on the exit ramp",false
"When exiting an expressway you should","C. Signal and maintain your speed until you are off the ramp",false
"When exiting an expressway you should","D. All of the above",true
"If two drivers enter an intersection from opposite directions at the same time, one going straight while the other is turning left, which vehicle has the right-of-way?","A. The one turning left",false
"If two drivers enter an intersection from opposite directions at the same time, one going straight while the other is turning left, which vehicle has the right-of-way?","B. The one going straight",true
"If two drivers enter an intersection from opposite directions at the same time, one going straight while the other is turning left, which vehicle has the right-of-way?","C. Both have the right-of-way",false
"If two drivers enter an intersection from opposite directions at the same time, one going straight while the other is turning left, which vehicle has the right-of-way?","D. Both cars should stop first and then proceed",false
"You should reduce your speed below the posted speed limits for which of the following reasons","A. Bad weather conditions",false
"You should reduce your speed below the posted speed limits for which of the following reasons","B. When approaching and crossing an intersection",false
"You should reduce your speed below the posted speed limits for which of the following reasons","C. In rush hour with stop and go traffic conditions",false
"You should reduce your speed below the posted speed limits for which of the following reasons","D. All of the above",true
"When approaching a sign that reads 'merging traffic' you must","A. Stop your vehicle before proceeding",false
"When approaching a sign that reads 'merging traffic' you must","B. Let the cars behind you go first",false
"When approaching a sign that reads 'merging traffic' you must","C. Honk your horn first before proceeding",false
"When approaching a sign that reads 'merging traffic' you must","D. Adjust your speed and position to avoid a collision with other vehicles",true
"Drivers who have vision restrictions noted on their driver’s licence must always wear glasses or contact lenses when","A. Watching movies",false
"Drivers who have vision restrictions noted on their driver’s licence must always wear glasses or contact lenses when","B. Driving",true
"Drivers who have vision restrictions noted on their driver’s licence must always wear glasses or contact lenses when","C. Reading",false
"Drivers who have vision restrictions noted on their driver’s licence must always wear glasses or contact lenses when","D. Sleeping",false
"If you are involved in an accident that was due to your use of a cellular phone while driving","A. Your insurance will increase",false
"If you are involved in an accident that was due to your use of a cellular phone while driving","B. You will be charged with careless driving and lose 6 demerit points",true
"If you are involved in an accident that was due to your use of a cellular phone while driving","C. Your licence will be suspended for one year",false
"If you are involved in an accident that was due to your use of a cellular phone while driving","D. You will have to take your road test again",false
"Why is it necessary to look over your shoulder when changing lanes?","A. It is a good exercise for your neck",false
"Why is it necessary to look over your shoulder when changing lanes?","B. There will always be a blind spot in your mirrors, no matter how you adjust them",true
"Why is it necessary to look over your shoulder when changing lanes?","C. To see who is driving",false
"Why is it necessary to look over your shoulder when changing lanes?","D. All of the above",false
"If your brakes fail","A. Pump the brake pedal",false
"If your brakes fail","B. Apply the parking brake gently but firmly",false
"If your brakes fail","C. Keep your hand on the release button (of the parking brake)",false
"If your brakes fail","D. All of the above",true
"The police have the right to stop any driver they suspect is impaired. If you refuse to take a breathalyzer test, your licence will be suspended immediately for","A. 30 days",false
"The police have the right to stop any driver they suspect is impaired. If you refuse to take a breathalyzer test, your licence will be suspended immediately for","B. 1 year",false
"The police have the right to stop any driver they suspect is impaired. If you refuse to take a breathalyzer test, your licence will be suspended immediately for","C. 60 days",false
"The police have the right to stop any driver they suspect is impaired. If you refuse to take a breathalyzer test, your licence will be suspended immediately for","D. 90 days",true
"If you are driving and your cellular phone rings, what should you do?","A. Pick up the phone quickly and talk briefly while driving",false
"If you are driving and your cellular phone rings, what should you do?","B. Let your voice mail service take the call and check your messages when you are parked",true
"If you are driving and your cellular phone rings, what should you do?","C. Answer the phone if there are no police around",false
"If you are driving and your cellular phone rings, what should you do?","D. Turn it off; it is illegal to talk on the cellular while driving",false
"Snow tires are good for","A. Summer driving",false
"Snow tires are good for","B. All season driving",false
"Snow tires are good for","C. Winter driving",true
"Snow tires are good for","D. Spring and fall only",false
"Level one drivers (G1) must keep their blood alcohol level at zero percent and be accompanied by a class G driver with a blood alcohol level of less than","A. 0.00%",false
"Level one drivers (G1) must keep their blood alcohol level at zero percent and be accompanied by a class G driver with a blood alcohol level of less than","B. 0.05%",true
"Level one drivers (G1) must keep their blood alcohol level at zero percent and be accompanied by a class G driver with a blood alcohol level of less than","C. 0.08%",false
"Level one drivers (G1) must keep their blood alcohol level at zero percent and be accompanied by a class G driver with a blood alcohol level of less than","D. 0.03%",false
"You must report an accident to the police under what condition?","A. There is less than $600 damage",false
"You must report an accident to the police under what condition?","B. The damage is over $1000",false
"You must report an accident to the police under what condition?","C. If someone has been hurt or killed",false
"You must report an accident to the police under what condition?","D. 2 and 3 are correct",true
"As a level one or level two driver you will have your licence suspended if you collect 9 or more demerit points during a two year period. 60 days after suspension your record will be reduced to","A. 6 points",false
"As a level one or level two driver you will have your licence suspended if you collect 9 or more demerit points during a two year period. 60 days after suspension your record will be reduced to","B. 4 points",true
"As a level one or level two driver you will have your licence suspended if you collect 9 or more demerit points during a two year period. 60 days after suspension your record will be reduced to","C. Zero",false
"As a level one or level two driver you will have your licence suspended if you collect 9 or more demerit points during a two year period. 60 days after suspension your record will be reduced to","D. 2 points",false
"Under the Highway Traffic Act, if you are convicted of driving while your licence is suspended, assuming it is your first offence, you will","A. Receive a fine of $500",false
"Under the Highway Traffic Act, if you are convicted of driving while your licence is suspended, assuming it is your first offence, you will","B. Be fined between $1000 to $5000",true
"Under the Highway Traffic Act, if you are convicted of driving while your licence is suspended, assuming it is your first offence, you will","C. Be sentenced to six months in jail",false
"Under the Highway Traffic Act, if you are convicted of driving while your licence is suspended, assuming it is your first offence, you will","D. All of the above",false
"At night when you meet another vehicle with blinding bright lights, the safest thing to do is","A. Open and shut your eyes rapidly",false
"At night when you meet another vehicle with blinding bright lights, the safest thing to do is","B. Look at the headlights of the approaching vehicle",false
"At night when you meet another vehicle with blinding bright lights, the safest thing to do is","C. Turn your lights on high beam",false
"At night when you meet another vehicle with blinding bright lights, the safest thing to do is","D. Look slightly to the right-hand side",true
"When two cars reach an uncontrolled intersection at approximately the same time the right-of-way should be given to","A. The one approaching from the left",false
"When two cars reach an uncontrolled intersection at approximately the same time the right-of-way should be given to","B. The one approaching from the right",true
"When two cars reach an uncontrolled intersection at approximately the same time the right-of-way should be given to","C. Neither one",false
"When two cars reach an uncontrolled intersection at approximately the same time the right-of-way should be given to","D. The one moving faster",false
"In what lane of traffic should you drive when you intend to make a right-hand turn?","A. Close to the left side of the roadway",false
"In what lane of traffic should you drive when you intend to make a right-hand turn?","B. Close to the right-hand side of the roadway",true
"In what lane of traffic should you drive when you intend to make a right-hand turn?","C. Close to the centre line of the roadway",false
"In what lane of traffic should you drive when you intend to make a right-hand turn?","D. Does not matter",false
"When you are deciding whether or not to make a U-turn, your first consideration should be to check","A. Traffic regulations",true
"When you are deciding whether or not to make a U-turn, your first consideration should be to check","B. Presence of trees, fire hydrants, or poles near the curb",false
"When you are deciding whether or not to make a U-turn, your first consideration should be to check","C. Turning radius of your car",false
"When you are deciding whether or not to make a U-turn, your first consideration should be to check","D. Height of curb",false
"What is the only effective way to remove alcohol from your body?","A. Drinking strong coffee",false
"What is the only effective way to remove alcohol from your body?","B. Allow your body time to get rid of the alcohol",true
"What is the only effective way to remove alcohol from your body?","C. Taking a cold shower",false
"What is the only effective way to remove alcohol from your body?","D. Drinking more wine",false
"If you miss an expressway exit, what should you do?","A. Stop on the shoulder and check your map",false
"If you miss an expressway exit, what should you do?","B. If there are no cars, you may back up",false
"If you miss an expressway exit, what should you do?","C. Go straight and exit at the next exit",true
"If you miss an expressway exit, what should you do?","D. Make a U-turn",false
"If you are involved in an accident and another person is injured you should","A. Keep talking to the injured person",false
"If you are involved in an accident and another person is injured you should","B. Move the injured person away from the vehicle immediately",false
"If you are involved in an accident and another person is injured you should","C. Do not move the injured person unnecessarily; keep the injured person warm and administer first aid if possible",true
"If you are involved in an accident and another person is injured you should","D. Don't talk to the injured person",false
"Before leaving your car parked on a downgrade, you should","A. Leave your front wheels parallel to the curb",false
"Before leaving your car parked on a downgrade, you should","B. Turn your front wheels to the left and set your parking brake",false
"Before leaving your car parked on a downgrade, you should","C. Set your parking brake only",false
"Before leaving your car parked on a downgrade, you should","D. Turn your front wheels to the right and set your parking brake",true
"It is more dangerous to drive at the maximum speed limit at night than during day-time because","A. Some drivers unlawfully drive with parking lights only",false
"It is more dangerous to drive at the maximum speed limit at night than during day-time because","B. You cannot see as far ahead at night",true
"It is more dangerous to drive at the maximum speed limit at night than during day-time because","C. The roadway are more apt to be slippery at night",false
"It is more dangerous to drive at the maximum speed limit at night than during day-time because","D. Your reaction time is slower at night",false
"The broken centre line on a roadway means you may","A. Never pass",false
"The broken centre line on a roadway means you may","B. Pass if the way is clear",true
"The broken centre line on a roadway means you may","C. Pass at any time",false
"The broken centre line on a roadway means you may","D. Pass only during daylight hours",false
"How close to a fire hydrant may you legally park?","A. 3 metres (10 ft.)",true
"How close to a fire hydrant may you legally park?","B. 4.5 metres (15 ft.)",false
"How close to a fire hydrant may you legally park?","C. 1.5 metres (5 ft.)",false
"How close to a fire hydrant may you legally park?","D. 6 metres (20 ft.)",false
"Except when you intend to overtake and pass another vehicle or when you intend to make a left turn, you should","A. Drive in the centre of the roadway",false
"Except when you intend to overtake and pass another vehicle or when you intend to make a left turn, you should","B. Always keep well to the right",true
"Except when you intend to overtake and pass another vehicle or when you intend to make a left turn, you should","C. Drive on the shoulder of the highway",false
"Except when you intend to overtake and pass another vehicle or when you intend to make a left turn, you should","D. Always keep well to the left",false
"Parking lights may be used","A. At any time",false
"Parking lights may be used","B. For Parking only",true
"Parking lights may be used","C. When driving in heavy fog",false
"Parking lights may be used","D. When driving on well-lighted street",false
"A solid centre line on the roadway is on your side of a broken centre line. What does the solid centre line mean?","A. It is unsafe to overtake and pass",true
"A solid centre line on the roadway is on your side of a broken centre line. What does the solid centre line mean?","B. Pass only when no traffic is in sight",false
"A solid centre line on the roadway is on your side of a broken centre line. What does the solid centre line mean?","C. It is safe to overtake and pass",false
"A solid centre line on the roadway is on your side of a broken centre line. What does the solid centre line mean?","D. Pass at any time",false
"The best way to stop quickly on a wet or icy roadway is to","A. Pump the brake until you come to a stop",false
"The best way to stop quickly on a wet or icy roadway is to","B. Keep foot off brake and let compression stop you",false
"The best way to stop quickly on a wet or icy roadway is to","C. Slam on brake and try to prevent vehicle from skidding",false
"The best way to stop quickly on a wet or icy roadway is to","D. Apply brakes the same way you always do",true
"If you lose control of your vehicle and it goes off the road, you should","A. Grip the steering wheel firmly",false
"If you lose control of your vehicle and it goes off the road, you should","B. Take your foot off the gas pedal to slow down and avoid heavy braking",false
"If you lose control of your vehicle and it goes off the road, you should","C. When the vehicle is under control steer back to the road",false
"If you lose control of your vehicle and it goes off the road, you should","D. All of the above",true
"Under the Criminal Code, if you are caught driving while your licence is suspended, your vehicle will be impounded for","A. 1 year",false
"Under the Criminal Code, if you are caught driving while your licence is suspended, your vehicle will be impounded for","B. 6 months",false
"Under the Criminal Code, if you are caught driving while your licence is suspended, your vehicle will be impounded for","C. 45 days",true
"Under the Criminal Code, if you are caught driving while your licence is suspended, your vehicle will be impounded for","D. 30 days",false
"When taking any medication, you should","A. Have someone follow you home",false
"When taking any medication, you should","B. Drive even slower",false
"When taking any medication, you should","C. Consult your doctor about the effects before driving",true
"When taking any medication, you should","D. Drink lots of water",false
"What should you do if your vehicle becomes disabled on the highway?","A. Park with all your four wheels off the travelled highway, if possible",true
"What should you do if your vehicle becomes disabled on the highway?","B. Stop where you are",false
"What should you do if your vehicle becomes disabled on the highway?","C. Stop in the right lane",false
"What should you do if your vehicle becomes disabled on the highway?","D. Stop in the left lane",false
"A defensive driver will","A. Drive faster in the rain",false
"A defensive driver will","B. Play music loudly",false
"A defensive driver will","C. Consider what other drivers might do and is always prepared",true
"A defensive driver will","D. Talk on the cell phone while driving",false
"Which of the following hand-and-arm signals is correct for slowing or stopping?","A. Arm out and up",false
"Which of the following hand-and-arm signals is correct for slowing or stopping?","B. Arm straight out the window",false
"Which of the following hand-and-arm signals is correct for slowing or stopping?","C. Arm out and down",true
"Which of the following hand-and-arm signals is correct for slowing or stopping?","D. Circle motion",false
"You are required to keep a safe distance behind the vehicle in front of you at 50 kilometres (30 miles) an hour. You should keep at least","A. Seven car lengths behind the other vehicle",false
"You are required to keep a safe distance behind the vehicle in front of you at 50 kilometres (30 miles) an hour. You should keep at least","B. Three car lengths behind the other vehicle",false
"You are required to keep a safe distance behind the vehicle in front of you at 50 kilometres (30 miles) an hour. You should keep at least","C. One car length behind the other vehicle",false
"You are required to keep a safe distance behind the vehicle in front of you at 50 kilometres (30 miles) an hour. You should keep at least","D. Five car lengths behind the other vehicle",true
"When driving a motor vehicle on the highway at night, you should use low beam headlights (dim lights) when","A. Approaching an intersection",false
"When driving a motor vehicle on the highway at night, you should use low beam headlights (dim lights) when","B. Meeting or following another vehicle",true
"When driving a motor vehicle on the highway at night, you should use low beam headlights (dim lights) when","C. Another driver dims his lights",false
"When driving a motor vehicle on the highway at night, you should use low beam headlights (dim lights) when","D. Blinded by the headlights of an approaching vehicle",false
"What must a driver do before entering a highway from a private road or driveway?","A. Sound horn and proceed with caution",false
"What must a driver do before entering a highway from a private road or driveway?","B. Enter or cross the highway as quickly as possible",false
"What must a driver do before entering a highway from a private road or driveway?","C. Give hand signal then take right-of-way",false
"What must a driver do before entering a highway from a private road or driveway?","D. Yield right-of-way to all vehicles approaching on the highway",true
"Demerit points lost will remain on your driver’s record for a period of ______ from the date of offence.","A. One year",false
"Demerit points lost will remain on your driver’s record for a period of ______ from the date of offence.","B. Two years",true
"Demerit points lost will remain on your driver’s record for a period of ______ from the date of offence.","C. Three years",false
"Demerit points lost will remain on your driver’s record for a period of ______ from the date of offence.","D. Five years",false
"As a level one or level two driver, if you collect nine or more points during a two-year period, your licence will be suspended for","A. 60 days",false
"As a level one or level two driver, if you collect nine or more points during a two-year period, your licence will be suspended for","B. 30 days",true
"As a level one or level two driver, if you collect nine or more points during a two-year period, your licence will be suspended for","C. 1 year",false
"As a level one or level two driver, if you collect nine or more points during a two-year period, your licence will be suspended for","D. 15 days",false
"Highway 407 is","A. The longest highway in Ontario",false
"Highway 407 is","B. A new highway",false
"Highway 407 is","C. An express toll route (pay toll highway)",true
"Highway 407 is","D. An expressway to the USA",false
"To get your vehicle out of a skid, you should first","A. Steer in the opposite direction of the skid",false
"To get your vehicle out of a skid, you should first","B. Steer straight ahead",false
"To get your vehicle out of a skid, you should first","C. Apply brake hard",false
"To get your vehicle out of a skid, you should first","D. Steer in the direction of the skid",true
"Most automobile skids are the result of","A. Under-inflated tires",false
"Most automobile skids are the result of","B. Over-inflated tires",false
"Most automobile skids are the result of","C. Snow or ice on the road",false
"Most automobile skids are the result of","D. Driving too fast",true
"Roadways are most slippery","A. During a heavy downpour",false
"Roadways are most slippery","B. After it has been raining for awhile",false
"Roadways are most slippery","C. The first rain after a dry spell",true
"Roadways are most slippery","D. In construction zones",false
"If you become very tired while driving you should","A. Stop and rest",true
"If you become very tired while driving you should","B. Drink coffee",false
"If you become very tired while driving you should","C. Drive faster to your destination",false
"If you become very tired while driving you should","D. Open your windows to allow fresh air in the car",false
"If you are approaching an intersection and the traffic lights are not working, you should","A. Yield to the traffic to your right",false
"If you are approaching an intersection and the traffic lights are not working, you should","B. Stop until no cars are passing and then go",false
"If you are approaching an intersection and the traffic lights are not working, you should","C. Treat it as a four-way stop sign",false
"If you are approaching an intersection and the traffic lights are not working, you should","D. Slow down and proceed with caution",true
"When approaching an intersection and you notice the roadway beyond the intersection is blocked with traffic, you should","A. Keep as close as possible to the car ahead",false
"When approaching an intersection and you notice the roadway beyond the intersection is blocked with traffic, you should","B. Proceed slowly into the intersection until the traffic ahead moves on",false
"When approaching an intersection and you notice the roadway beyond the intersection is blocked with traffic, you should","C. Stop before entering the intersection and wait until traffic ahead moves on",true
"When approaching an intersection and you notice the roadway beyond the intersection is blocked with traffic, you should","D. Sound horn to warn cars ahead to move on",false
"Level one and level two drivers must have a blood alcohol level of zero when driving. New drivers caught drinking and driving will be charged under the Criminal Code and will get how many days suspension?","A. 30 days",true
"Level one and level two drivers must have a blood alcohol level of zero when driving. New drivers caught drinking and driving will be charged under the Criminal Code and will get how many days suspension?","B. 60 days",false
"Level one and level two drivers must have a blood alcohol level of zero when driving. New drivers caught drinking and driving will be charged under the Criminal Code and will get how many days suspension?","C. 90 days",false
"Level one and level two drivers must have a blood alcohol level of zero when driving. New drivers caught drinking and driving will be charged under the Criminal Code and will get how many days suspension?","D. 1 year",false
"Hydroplaning occurs during heavy rain when a vehicle's tires ride up above the water on the roadway. To help prevent hydroplaning you should","A. Ensure that your tires on your vehicle have good tread depth",false
"Hydroplaning occurs during heavy rain when a vehicle's tires ride up above the water on the roadway. To help prevent hydroplaning you should","B. Ensure that the tires on the vehicle are inflated to the proper tire pressure",false
"Hydroplaning occurs during heavy rain when a vehicle's tires ride up above the water on the roadway. To help prevent hydroplaning you should","C. Reduce vehicle speed when driving in the rain",false
"Hydroplaning occurs during heavy rain when a vehicle's tires ride up above the water on the roadway. To help prevent hydroplaning you should","D. All of the above",true
"The two-second rule is used to determine","A. How fast they can react to obstacles",false
"The two-second rule is used to determine","B. How fast they are travelling",false
"The two-second rule is used to determine","C. How much gas you will save",false
"The two-second rule is used to determine","D. If they are following at a safe distance",true
"When approaching a construction area, drivers should","A. Honk the horn a few times to let the workers know you are approaching",false
"When approaching a construction area, drivers should","B. Watch for children",false
"When approaching a construction area, drivers should","C. Slow down and yield the right-of-way",true
"When approaching a construction area, drivers should","D. Speed up to get out of the area quicker",false
"When are broken white lines (dashes) used on streets and highways?","A. On a two-way street",false
"When are broken white lines (dashes) used on streets and highways?","B. When it is a no-stopping zone",false
"When are broken white lines (dashes) used on streets and highways?","C. When passing is permitted",true
"When are broken white lines (dashes) used on streets and highways?","D. On a one-way street or highway that has more than one lane of traffic moving in the same direction",false